{
	"class_name" : "PinholeCameraParameters",
	"extrinsic" : 
	[
		0.89521922915471797,
		-0.13749302050406487,
		0.4238846553772635,
		0.0,
		0.080674555255997552,
		-0.88549012523263171,
		-0.45760119563845686,
		0.0,
		0.43826264714880692,
		0.44385009567213918,
		-0.78161559905490208,
		0.0,
		-0.70707821577976149,
		0.28956652503227853,
		3.8717676847958034,
		1.0
	],
	"intrinsic" : 
	{
		"height" : 1000,
		"intrinsic_matrix" : 
		[
			866.02540378443871,
			0.0,
			0.0,
			0.0,
			866.02540378443871,
			0.0,
			478.5,
			499.5,
			1.0
		],
		"width" : 958
	},
	"version_major" : 1,
	"version_minor" : 0
}