{
	"class_name" : "PinholeCameraParameters",
	"extrinsic" : 
	[
		0.74379429511478445,
		-0.33397012710963064,
		0.57899395571376933,
		0.0,
		0.26758680619173925,
		-0.64500546675341441,
		-0.71579693280309231,
		0.0,
		0.61250905928549804,
		0.68733681849336958,
		-0.3903853868123231,
		0.0,
		-0.81194508029601087,
		0.14581938768483782,
		2.2034910864279662,
		1.0
	],
	"intrinsic" : 
	{
		"height" : 1050,
		"intrinsic_matrix" : 
		[
			909.3266739736606,
			0.0,
			0.0,
			0.0,
			909.3266739736606,
			0.0,
			959.5,
			524.5,
			1.0
		],
		"width" : 1920
	},
	"version_major" : 1,
	"version_minor" : 0
}